{"cameraMode":{"drawMode":0,"name":"Shaded","section":"Shading Mode"},"sceneLighting":true,"audioPlay":false,"sceneViewState":{"m_AlwaysRefresh":false,"showFog":true,"showSkybox":true,"showFlares":true,"showImageEffects":true,"showParticleSystems":true,"showVisualEffectGraphs":true,"m_FxEnabled":false},"in2DMode":false,"pivot":{"x":-43.146751403808597,"y":-1.3713796138763428,"z":5.459714889526367},"rotation":{"x":-0.2025686353445053,"y":-0.055200573056936267,"z":0.011437595821917057,"w":-0.9776442646980286},"size":4.979287624359131,"orthographic":false}